{
  "lang":"de",
  "name":"pipeline",
  "version":"0.0.0",
  "spacy_version":">=3.8.7,<3.9.0",
  "description":"",
  "author":"",
  "email":"",
  "url":"",
  "license":"",
  "spacy_git_version":"4b65aa7",
  "vectors":{
    "width":300,
    "vectors":500000,
    "keys":500000,
    "name":"de_vectors",
    "mode":"default"
  },
  "labels":{
    "tok2vec":[

    ],
    "ner":[
      "AGE",
      "CONTACT_EMAIL",
      "CONTACT_FAX",
      "CONTACT_OTHER",
      "CONTACT_PHONE",
      "CONTACT_URL",
      "DATE",
      "ID",
      "LOCATION_CITY",
      "LOCATION_COUNTRY",
      "LOCATION_HOSPITAL",
      "LOCATION_ORGANIZATION",
      "LOCATION_STREET",
      "LOCATION_ZIP",
      "LOC_OTHER",
      "NAME_DOCTOR",
      "NAME_OTHER",
      "NAME_PATIENT",
      "NAME_USERNAME",
      "PROFESSION"
    ]
  },
  "pipeline":[
    "tok2vec",
    "ner"
  ],
  "components":[
    "tok2vec",
    "ner"
  ],
  "disabled":[

  ],
  "performance":{
    "ents_f":0.6365348399,
    "ents_p":0.6897959184,
    "ents_r":0.5909090909,
    "ents_per_type":{
      "NAME_PATIENT":{
        "p":0.5652173913,
        "r":0.6341463415,
        "f":0.5977011494
      },
      "DATE":{
        "p":0.9130434783,
        "r":0.7411764706,
        "f":0.8181818182
      },
      "AGE":{
        "p":0.3333333333,
        "r":0.5,
        "f":0.4
      },
      "LOCATION_ORGANIZATION":{
        "p":0.4,
        "r":0.1666666667,
        "f":0.2352941176
      },
      "LOCATION_CITY":{
        "p":0.9090909091,
        "r":0.7142857143,
        "f":0.8
      },
      "NAME_DOCTOR":{
        "p":0.7222222222,
        "r":0.4642857143,
        "f":0.5652173913
      },
      "PROFESSION":{
        "p":0.1578947368,
        "r":0.2142857143,
        "f":0.1818181818
      },
      "LOCATION_HOSPITAL":{
        "p":0.4736842105,
        "r":0.6428571429,
        "f":0.5454545455
      },
      "ID":{
        "p":1.0,
        "r":0.3571428571,
        "f":0.5263157895
      },
      "LOCATION_STREET":{
        "p":0.875,
        "r":0.7777777778,
        "f":0.8235294118
      },
      "NAME_OTHER":{
        "p":0.8333333333,
        "r":0.3571428571,
        "f":0.5
      },
      "LOCATION_ZIP":{
        "p":0.8888888889,
        "r":1.0,
        "f":0.9411764706
      },
      "NAME_USERNAME":{
        "p":0.0,
        "r":0.0,
        "f":0.0
      },
      "CONTACT_PHONE":{
        "p":0.5714285714,
        "r":0.6666666667,
        "f":0.6153846154
      },
      "CONTACT_URL":{
        "p":0.5,
        "r":1.0,
        "f":0.6666666667
      },
      "CONTACT_EMAIL":{
        "p":0.0,
        "r":0.0,
        "f":0.0
      },
      "CONTACT_FAX":{
        "p":1.0,
        "r":0.5,
        "f":0.6666666667
      },
      "NAME_EXT":{
        "p":0.0,
        "r":0.0,
        "f":0.0
      },
      "LOC_OTHER":{
        "p":0.0,
        "r":0.0,
        "f":0.0
      }
    },
    "tok2vec_loss":1625.6445131636,
    "ner_loss":141.3225402832
  }
}